feature,label
artist1655,Blame Game
artist1657,The Cross Movement
artist1651,The Game
artist1650,The B.U.M.S.
artist1652,October Game
artist1659,Tha GUTTA! Dream
artist1658,The-Dream
artist109,Almighty
artist103,Ali Vegas
artist101,Ali & Gipp
artist100,Ali
artist107,Alley Life
artist106,All City
artist105,Tha Liks
artist104,Tha Alkaholiks
artist75,Adam F
artist76,Adeem
artist77,A.D.O.R.
artist70,Above the Law
artist71,Ace Hood
artist72,Action Bronson
artist73,Aceyalone
artist219,Miri Ben-Ari
artist218,Belly
artist217,Bekay
artist216,Beelow
artist214,Beatnuts
artist213,The Beatnuts
artist212,Beastie Boys
artist210,Beast 1333
location248,"Lynchburg, VA, US"
location249,New York
location242,"Long Island, NY, US"
location243,"San Francisco Bay Area, CA, US"
location240,"Marysville, CA, US"
location241,"Colorado, US"
location246,"Valencia, Valencia, ES"
location247,"Albuquerque, NM, US"
location244,"Pittsburg, KS, US"
location245,"Petersburg, VA, US"
location18,"Houston, TX, US"
location19,"South Jamaica, New York, NY, US"
location10,"Queens, New York, NY, US"
location11,"Oakland, CA, US"
location12,"Harlem, NY"
location13,"Galveston, TX, US"
location14,"Tokyo, Tokyo Prefecture, JP"
location15,"Fort Lauderdale, FL, US"
location16,"Toronto, Ontario, CA"
location17,"Owensboro, KY, US"
artist558,Da Headbussaz
artist559,Da Hol 9
artist929,Big Jaz
artist928,Jayo Felony
artist925,Jay Rock
artist927,Jaylib
artist920,Jadakiss
artist923,J Dilla
artist922,Jake One
artist554,Da Beatminerz
artist1368,Mr. Sancho
artist550,Da Impact
artist807,Eve
artist804,Esham
artist89,Mustafa Akbar
location112,Houston Texas
location113,"Queensbridge, New York, NY, US"
location110,"Meridian, MS, US"
location111,"Harlem, New York, NY, US"
location116,"Beaumont, TX, US"
location117,"Kansas City, MO"
location114,"Detroit, MI, US"
location115,"Saint John, New Brunswick, CA"
location118,"Texas, US"
location119,Texas
artist1339,Spragga Benz
artist1335,Sean Paul
artist1332,Beenie Man
artist1333,Buju Banton
artist1330,Wayne Wonder
artist1331,Elephant Man
artist587,Daz Dillinger
artist586,The Dayton Family
artist585,David Wade
artist584,David Mars
artist851,Gangsta Boo
artist582,Das EFX
artist581,Darkside of the Force
artist852,George Clinton
artist858,Ghostface Killah
artist588,Daz
feature,Daz
artist1480,Pusha T
artist1482,Q-Tip
artist1483,Queen Latifah
artist1484,Quasimoto
artist1485,Queen Pen
artist1486,Remy Ma
artist1488,Raekwon
artist1240,Jody Watley
artist1247,John Legend
artist1244,Blackstreet
artist1245,Sparkle
artist1249,Cher Lloyd
artist459,Clipse
artist458,Clika One
artist451,Chuck D
artist450,Chubb Rock
artist452,Ciara
artist455,Circle of Tyrants
artist454,Cilvaringz
artist457,The Click
artist456,Classified
artist45,R S Thomas
artist44,James R. Hall
artist46,A+R
artist41,Jay R. Powell
artist43,Animal R&R
artist1066,Skillz
artist735,Julius Drake
artist737,Lil' Wayne/Drake
artist1062,Masta Killa
artist731,Drake DeVille
artist732,Drake
artist1061,Lyrics Born
artist738,Drake Murphy
artist739,Drapht
artist1068,Mac Dre
artist1069,Mac Miller
artist1660,Theodore Unit
artist1661,Three 6 Mafia
artist1664,TLC
artist1665,Tony Touch
artist1666,Tony Yayo
artist1667,Badwayz
artist1468,Prophet Posse
artist1469,Prozak
artist1462,Professor X
artist1463,Project: Deadman
artist1460,Princess Superstar
artist1461,The Procussions
artist1466,Proof
artist1467,Proper dos
artist1464,Project Pat
artist1465,Promise
artist119,Amil
artist114,AMB
artist115,The Ambassador
artist116,AMbassador
artist117,AMG
artist111,A.L.T.
artist112,A.L.T. & The Lost Civilization
artist113,American Cream Team
artist200,Bad Azz
artist201,Bad Meets Evil
artist202,Erykah Badu
artist204,Bangs
artist205,Ant Banks
artist206,Basshunter
artist208,Body Count
artist209,Beanie Sigel
location239,"Columbia, SC, US"
location237,"Newark, NJ"
location236,"Montclair, NJ, US"
location235,"San Juan, San Juan, PR"
location234,"Decatur, GA, US"
location233,"Crenshaw, Los Angeles, CA, US"
location232,"Lafayette, LA, US"
location231,"Flatbush, New York, NY, US"
location230,"Cincinnati, OH, US"
artist939,Rell
artist934,John Forté
artist935,Jay-Z
artist930,Jazzanova
artist931,Jedi Mind Tricks
location343,"Santa Barbara, CA, US"
location342,"Harlem, New York"
location341,"Mullumbimby, Australia"
location340,"Adelaide, South Australia, AU"
location346,"Yonkers, NY, US"
location345,"Jamaica, New York, NY, US"
location344,"Fayetteville, NC, US"
location349,"Akron, OH, US"
location348,"Watts, Los Angeles, CA, US"
location167,"Greenwood, MS, US"
location166,"Oshkosh, WI, US"
location165,"Middletown, NY"
location163,"New Jersey, US"
location162,"Indianapolis, IN, US"
location161,"Orlando, FL, US"
location160,"Baton Rouge, LA, US"
artist35,9th Wonder
location169,"San Diego, CA, US"
location168,"Denver, CO, US"
artist598,Defari
artist599,Def Squad
artist1329,Christopher Martin
artist1328,Lucy Pearl
artist1325,Sophia Fresh
artist591,dc Talk
artist592,dead prez
artist1326,Aaron Hall
artist594,Declaime
artist1320,Robyn
artist596,Deep Fried Funk Brothers
artist597,Def Jef
artist846,FU-Schnickens
artist847,Future
artist844,Fugees
artist845,Funkmaster Flex
artist843,Fort Minor
artist848,G. Dep
artist1493,Rampage
artist1492,Eric B. & Rakim
artist1491,Rakim
artist1490,Rah Digga
artist1312,Gina Thompson
artist1499,Indelible MC's
artist1498,Scarface
artist1031,Lil Rob
artist1253,Youssou N'Dour
artist1255,Syleena Johnson
artist1254,N-Tyce
artist1257,Mario Winans
artist1256,3LW
artist1259,Whitney Houston
artist1258,Sharissa
artist1033,Lil Wyte
artist448,Chrome
artist1032,Lil' Troy
artist442,Choppa
artist701,Domino
artist440,Choclair
artist441,Choppa Style
artist446,Christbearer
artist447,Chris Ward
artist444,Chris Lowe
artist445,Chris Rock
artist703,Don Omar
artist1740,Yung Joc
artist663,DJ Kizzy Rock
artist660,DJ Jazzy Jeff
artist1075,Maino
artist1074,Timbaland
artist1077,Marc Mac
artist1076,Mannie Fresh
artist1070,Mack 10
artist1073,Timbaland & Magoo
artist666,DJ Krush
artist1079,Mario
artist1078,Marc Live
artist664,DJ K.O.
artist665,DJ Kool
artist1679,Trillville
artist1678,Trick Trick
artist1677,Trick Daddy
artist1676,Trey Songz
artist1675,Tragedy Khadafi
artist1673,Trae
artist1672,Trackademicks
artist1671,TQ
artist1479,Purple City
artist1478,"Sean ""P. Diddy"" Combs"
artist699,Dominator
artist1471,The Psycho Realm
artist1470,Poor Righteous Teachers
artist1473,Diddy - Dirty Money
artist1472,Diddy
artist697,Dom Pachino
artist696,Doja Clik
artist694,D.O.C.
artist1289,Michel'le
artist275,Blade
artist274,Black Star
artist277,Blak Jak
artist276,Blahzay Blahzay
artist270,Black Milk
artist272,Black Rob
artist279,Blaq Poet
artist278,Blak Twang
artist449,Chris Brown
location228,"Tampa, FL, US"
location229,"Georgia, US"
location224,"Jackson, MS, US"
location225,"Frankfurt, Hesse, DE"
location226,"Bushwick, New York, NY, US"
location227,"Muenster, North Rhine-Westphalia, DE"
location220,"Redwood City, CA, US"
location221,"Gainesville, FL, US"
location222,"South Gate, CA, US"
location223,"Pennsylvania, US"
artist301,Booba
artist303,Boogie Down Productions
artist305,Boo and Gotti
artist307,Boot Camp Clik
artist306,Bomfunk MC's
artist903,Insane Clown Posse
artist902,Icewater
artist1012,Lauryn Hill
artist907,Infamous Mobb
artist906,Indo G
artist905,Immortal Technique
artist904,Iggy Azalea
artist909,Jonathan Toth from Hoth
artist908,Internet
location350,"Berlin, Germany"
location352,"Bowman, SC, US"
location353,"Atlanta, NY, US"
location354,The Bronx New York
location355,"Mogadishu, Banaadir, SO"
location356,"Toronto, Canada"
location357,"Landover, MD, US"
location358,"Shaker Heights, OH, US"
location359,"Birmingham, England, GB"
artist1544,Rick Ross
artist14,3x Krazy
artist1546,RJD2
artist1541,Rhymefest
artist13,3rd Bass
location174,"Santa Catarina, Mexico"
location175,"Columbus, GA"
location176,"Philadelphia, PA"
location177,"New London, CT, US"
location170,"New York NY, United States"
location171,"Northwest, Portland, OR, US"
location172,Staten Island NY
artist11,2nd II None
location178,"Valley Village, Los Angeles, CA, US"
location179,Atlanta Georgia 
artist1310,Kate Alexa
artist879,Hell Razah
artist878,Genius/GZA
artist1315,Sisqó
artist1316,Brandy
artist1317,Gerald Levert
artist873,Gym Class Heroes
artist872,Gumz
artist871,Gudda Gudda
artist870,Gucci Mane
artist877,Genius
artist876,GZA
artist874,Travie McCoy
artist1264,LeVert
artist1265,Dave Hollister
artist1266,Keri Hilson
artist1267,Somethin' for the People
artist1260,Raphael Saadiq
artist1262,Next
artist1269,Sean Kingston
artist479,Company Flow
artist478,Comp
artist477,Common/Pharrell
artist475,Armand Van Helden
artist472,Common Sense
artist471,Common
artist1048,The Lonely Island
artist1041,Lloyd Banks
artist1044,LL Cool J
artist1045,Lloyd
artist1046,LMFAO
artist1047,Lone Catalysts
artist1683,Twista
artist1680,Trina
artist1681,TRU
artist1686,Tyga
artist1685,Twiztid
artist1688,"Tyler, The Creator"
artist1689,U-God
artist1448,Play N Skillz
artist1444,Pimp C
artist1445,P!nk
artist686,DJ Shadow
artist1447,Pitch Black
artist1440,Pharrell
artist681,DJ Vadim
artist1442,Philly's Most Wanted
artist1443,Phonte
artist266,Black Knights
artist267,Blac Haze
artist265,BK-One
artist262,Biz Markie
artist263,Bizzy Bone
artist260,Binary Star
artist261,Bizarre
artist808,Eve Lesov
artist268,Blackalicious
artist1166,Ginuwine
location211,"Oakland, CA"
location210,"Glendale, CA, US"
location212,"Victoria, TX, US"
location215,"Baldwin Park, CA, US"
artist1165,Madonna
location217,"Westbury, NY, US"
location216,"Memphis, TN, US"
location219,"Lexington, KY"
location218,"Havana, Ciudad de la Habana, CU"
artist1169,Mary J. Blige
artist618,Diabolic
artist124,All Natural
artist318,Brotha Lynch Hung
artist319,Brainpower
artist312,Boss Hogg Outlawz
artist313,"Slim Thug, Boss Hogg Outlawz"
artist316,Botany Boys
artist317,Boyz N Da Hood
artist314,Boss Hogg Outlawz & Slim Thug
artist315,Bossman
artist915,Justin Timberlake
artist916,J Wells
artist917,J-Zone
artist910,Joe Budden
artist912,J. Cole
artist913,Jermaine Dupri
artist122,Analog Brothers
artist918,Ja Rule
artist919,Jacki-O
location365,"Minneapolis St Paul International Airport, Minneapolis, MN, US"
location364,"Wembley, London, England"
location367,"Hammersmith, London, England, GB"
location366,"Farmville, VA, US"
location361,"Hawthorne, CA, US"
location360,"Nebraska, US"
location363,"Kansas City, MO, US"
location362,"Aachen, Germany"
location369,"Kentwood, LA, US"
location368,"Durham, NC"
artist128,Annakin Slayd
location149,"New Rochelle, NY, US"
location141,"Antwerp, Antwerp, BE"
location140,"Sacramento, CA, US"
location143,"London, UK"
location142,"London, England, GB"
location145,"Wyandanch, NY, US"
location144,"Montreal, Quebec, CA"
<default>,"Montreal, Quebec, CA"
location146,"Yarrawonga, Victoria, AU"
artist802,E.S.G.
artist1307,Veronica
artist1306,Billy Ocean
artist1305,Case
artist1304,Carl Thomas
artist868,Group Home
artist869,Gravediggaz
artist1300,Fantasia
artist864,Goodie Mob
artist865,Grand Puba
artist866,Greg Nice
artist867,Grimm
artist861,GLC
artist862,Gnarls Barkley
artist863,Guru
location549,"Gadsden, AL, US"
location548,"Croix des Bouquets, Ouest, HT"
location545,"Claremont, NH, US"
location544,"Warren, MI, US"
location547,"Baton Rouge, LA"
location546,"Riverdale, GA, US"
location541,"Brooklyn, Atlanta, GA, US"
location540,"Nova Scotia, CA"
location543,"Miami, Florida"
location542,"Rockingham, NC"
artist1279,Nikki Jean
artist1278,Lyfe Jennings
artist1273,Amy Winehouse
artist1271,Houston
artist1270,Kelly Price
artist1277,Santana
artist1274,Luther Vandross
artist460,CL Smooth
artist461,Pete Rock & C.L. Smooth
artist463,Compton's Most Wanted
artist464,MC Eiht
artist465,Capone-N-Noreaga
artist466,Cocoa Brovaz
artist467,Code Blue
artist468,Cognito
artist96,Al Fatz
artist97,The Alchemist
artist94,Akrobatik
artist95,Al-D
artist92,AKIR
artist93,Akon
artist90,Akbar
artist91,Akinyele
artist98,Alchemist
artist99,Alexipharmic
artist1059,Luniz
artist1058,Uncle Luke
artist1057,Lucky Luciano
artist1056,Lord Jamar
artist1055,Lost Boyz
artist1054,Lordz of Brooklyn
artist1053,Lord Tariq & Peter Gunz
artist1052,Lootpack
artist1051,Loon
artist1050,Leaders of the New School
artist1006,LA The Darkman
artist1690,Ugly Duckling
artist1693,Ultramagnetic MC's
artist1692,Ultra
artist1694,UNK
artist1697,Urban Mystic
artist1698,Vakill
artist671,DJ Pooh
artist670,DJ Paul
artist673,Mysteries of the Revolution
artist672,DJ Quik
artist675,Revolution
artist674,DJ Revolution
artist676,DJ Screw
artist679,DJ Skribble
artist678,DJ Signify
artist1459,Prefuse 73
artist688,DJ Tomekk
artist855,Mic Geronimo
artist854,Godfather Don
artist857,Geto Boys
artist785,Eligh
artist784,11/5
artist787,Elzhi
artist786,El da Sensei
artist780,Eightball & MJG
artist783,Elemental Zazen
artist782,El-P
artist583,The Conscious Daughters
artist789,EMC
artist1446,Pitbull
artist680,DJ Taz
artist803,Big Pokey & E.S.G.
artist580,Darkroom Familia
artist1441,Phife Dawg
location462,"Buff Bay, Portland, JM"
artist683,DJ Format
artist259,Billy Cook
artist258,Billy Cook & Lil' Kano
artist253,Krizz Kaliko
artist252,Big Daddy Kane
artist251,Big Unk
artist250,Big Tymers
artist257,Bilal
artist256,Big Pokey & Chris Ward
artist255,Big Pokey
artist254,Big Mello
location207,"Milwaukee, WI, US"
location204,"Chicago, United States"
location205,"Monterrey, Nuevo Leon, MX"
location202,"Fairfield, CA, US"
location203,"Boston, MA"
location200,"Mount Vernon, WA, US"
location201,"Mount Vernon, New York"
location208,"Upland, CA, US"
location209,"Huntington Beach, CA, US"
artist328,Brinson
artist327,Breez Evahflowin
artist326,Breeze
artist325,Brad Strut
artist324,Bravehearts
artist323,BrassMunk
artist322,Bran Van 3000
artist321,The Brand New Heavies
artist320,Braintax
location378,"Pittsburgh, PA"
location379,Norfolk Virginia United States
location372,"Pacific Palisades, Los Angeles, CA, US"
location373,"Sebeka, MN, US"
location370,"South Jamaica, NY"
location371,"Bay Shore, NY, US"
location377,"Richmond, VA, US"
location374,"Berkeley, CA, US"
location375,"Oxnard, CA, US"
location158,"Kyogle, New South Wales, AU"
location159,"Sacramento, CA"
location156,"Port Arthur, TX, US"
location157,Jamaica
location154,"Louisville, KY, US"
location155,"Philadelphia,Pennsylvania,United States"
location152,"Un', Sverdlovsk Oblast, RU"
location153,"Halifax, Nova Scotia, CA"
location150,"Grand Rapids, MI, US"
location151,"Tennessee, US"
artist891,The High And Mighty
artist890,Hi-Tek
artist892,Hilltop Hoods
artist895,House of Pain
artist894,Hot Boy$
artist897,I-20
artist896,Hush
artist899,Ice-T
artist898,Ice Cube
location550,"Columbia SC, United States"
artist30,The 7A3
artist31,88-Keys
artist700,Domingo
artist1520,Grandmaster Melle Mel
artist1208,Total
artist1209,Tank
artist1206,James Brown
artist1207,Christina Aguilera
artist1205,Katy Perry
artist1202,The Product G&B
artist1200,Gwen Stefani
artist1201,Destiny's Child
artist1525,R.A. The Rugged Man
artist415,Chali 2na
artist88,Ak-9ine
artist417,Chamillionaire
artist416,Chalie Boy
artist410,Cero
artist413,Cha Cha
artist412,Ceschi
artist81,A.G.
artist80,Afu-Ra
artist419,Chance
artist84,Ahmad
artist86,Raashan Ahmad
artist1512,Wale
artist1510,Styles P
artist1516,West Street Mob
artist1517,The Sugarhill Gang
artist1514,Sugarhill Gang
artist1518,The Furious Five
artist1519,The Sequence
artist529,Cyssero
artist528,Cypress Hill
artist521,CunninLynguists
artist520,Culture VI
artist523,The Curtains
artist522,Curren$y
artist525,Husalah
artist524,Cold World Hustlers
artist527,Cyne
artist1198,Jodeci
artist1199,Usher
artist1196,Nicole
artist1197,K-Ci & JoJo
artist1194,Jamie Foxx
artist1195,The Isley Brothers
artist1192,Jagged Edge
artist1190,R. Kelly
artist662,DJ JS-1
artist1427,Pharoahe Monch
artist1424,Outsidaz
artist1425,Ozomatli
artist1422,Sleepy Brown
artist1423,Outlawz
artist1420,Organized Konfusion
artist1421,OutKast
artist668,DJ Muggs
artist669,DJ Muggs & Planet Asia
artist1428,Petey Pablo
artist1429,Pastor Troy
location414,"Glen Cove, NY, US"
artist729,Drag-On
artist1738,Young Money
artist1739,Yukmouth
artist1732,Young Jeezy/Jay-Z
artist1733,Yo Gotti
artist1730,Young Bleed
artist1731,Young Jeezy
artist1734,Young Buck
artist797,Equilibrium
artist794,Epidemic
artist795,EPMD
artist792,Encore
artist793,Envelope
artist790,Eminem
artist798,Equipto
artist799,Errelevent
location8,"Compton, CA, US"
location9,"Tarpon Springs, FL, US"
location6,"New York, NY, US"
location7,"Miami, FL, US"
location4,"Los Angeles, CA, US"
location5,"Los Angeles CA, United States"
location2,"Long Beach, CA, US"
location3,"College Park, GA, US"
location1,"Melbourne, Victoria, AU"
artist248,Big T
artist249,Big Tuck
artist245,Big Shug
artist246,Big Stan
artist247,Big Syke
artist240,Big Punisher
artist241,Big Pun
artist242,Big Quarters
artist243,Big Sean
artist330,Brand Nubian
artist331,Brother Ali
artist333,Bronze Nazareth
artist334,Brooklyn Zu
artist335,The Brothahood
artist336,Brothatone
artist337,Brown Boy
artist338,Brownside
artist339,Bubba Sparxxx
location309,Japan
location308,"Rockville, MD, US"
location307,"Vallejo, CA"
location306,"Hardyston, NJ, US"
location305,"San Antonio, TX, US"
location304,"Riverside, CA, US"
location303,"Maryland, US"
location302,San Francisco California
location301,"Oxford, NC, US"
location300,"Winnipeg, Manitoba, CA"
artist1141,Zap Mama
artist1065,Mad Skillz
artist1063,Masters of Illusion
artist1140,R.E.M.
location413,"Huntington, NY, US"
artist635,Dirtbag
location411,"Buffalo, NY, US"
location417,"Cincinnati, OH "
location416,"Terrell, Texas "
location415,"Beverly Hills, CA, US"
artist634,J.R. Writer
location419,"Charlotte, NC, US"
location418,"Sarrebruck, Saarland, DE"
artist1415,Oh No
artist1143,Rev Run
artist636,Dirty
artist631,Dilated Peoples
artist630,Digital Underground
artist1147,Crazy Town
artist1146,Fear Factory
artist882,Harlem World
artist883,Havoc
artist881,MC Hammer
artist886,Heavy D. & The Boyz
artist887,Heavy D
artist884,H.A.W.K.
artist885,Heavy D & The Boyz
artist888,Heltah Skeltah
artist889,Hi-C
location526,"Bronx, NY"
location525,"Boston, MA "
location523,"Beach Park, IL, US"
location522,"Mckeesport, PA, US"
location521,"Niteroi, Rio de Janeiro, BR"
location520,"Pico-Union, Los Angeles, CA, US"
location528,"Vancouver, Canada"
artist269,The Black Eyed Peas
artist1218,M. Pokora
artist1215,Adina Howard
artist1214,Aaliyah
artist1217,LSG
artist1210,112
artist1213,Keith Sweat
artist406,Cee-Lo
artist407,Cella Dwellas
artist404,Cee Lo Green
artist402,Caz
artist400,Casual
artist401,Caviar
artist408,Celly Cel
artist409,Celph Titled
artist1501,"Royce da 5'9"""
artist1500,Erick Sermon
artist1502,Saukrates
artist1504,Snoop Dogg
artist1507,Latyrx
artist1509,UGK
artist539,D-Nice
artist532,David Banner
artist533,D-Block
artist530,Gorillaz
artist531,D4L
artist536,D-Flame
artist537,Dark Lotus
artist535,Dem Franchize Boyz
artist1189,B2K
artist1188,Danity Kane
artist1184,Ashanti
artist1187,Black Buddafly
artist1186,Shae Jones
artist1180,SWV
artist1183,Mariah Carey
artist1182,Ne-Yo
artist1435,Public Enemy
artist1434,Paul Wall & Chamillionaire
artist655,DJ Envy
artist1436,Perceptionists
artist1431,Page
artist1430,Pacewon
artist651,DJ DMD
artist650,DJ Crazy Toones
artist1438,Pete Rock
artist658,DJ Honda
artist1729,Young Gunz
artist1721,X-Ecutioners
artist1720,Wyclef Jean
artist1723,Xzibit
artist1722,XV
artist1724,YoungBloodZ
artist1727,Ying Yang Twins
artist1726,YelaWolf
artist742,Dream Warriors
artist745,L.A. Dream Team
artist744,Driicky Graham
artist347,Bukshot
artist341,Buckshot
artist340,Buck 65
artist343,Buddha Monk
artist349,Bun B
artist348,DJ Drama & Bump J
location319,"Norfolk, VA, US"
location314,"Munich, Bavaria, DE"
location316,"Valley Stream, NY, US"
location317,"Venice, Los Angeles, CA, US"
location310,"Riga, Rļga, LV"
location311,"detroit, MI"
location312,"Palo Alto, CA, US"
location313,"Brentwood, NY, US"
artist833,Foxy Brown
artist832,Foreign Exchange
location400,"Vacaville, CA, US"
location401,"Agoura Hills, CA, US"
location402,"Wilmette, IL, US"
location404,"Gary, IN, US"
location405,"New York City New York, U.S.}}"
location406,"Stratford, Ontario, CA"
location407,"Severn, MD, US"
location408,"Yonkers, New York"
location409,"Columbus, GA, US"
artist647,Chris Clay
location534,"Lawrence, MA, US"
location535,"Waco, TX, US"
location536,"Tallahassee, FL, US"
location537,"Fontana, CA"
location530,"Redondo Beach, CA, US"
location531,"Long Beach, CA"
location533,"Corsicana, TX, US"
location538,Poland
location539,"Kansas City MO, United States"
artist1220,Jonas Brothers
artist1221,Monica
artist1222,Ryan Leslie
artist1223,Christina Milian
artist1228,Jeremih
artist1229,Omarion
artist439,Chip tha Ripper
artist438,Chino XL
artist433,Chill Rob G
artist431,Chief Kamachi
artist437,Chingy
artist434,Chingo Bling
artist1084,Mathematics
artist1087,mc chris
artist1080,Bob Marley
artist1081,Mase
artist1083,Master P
artist1088,MC Lars
artist1089,MC Lyte
artist1534,Redd Eyezz
artist1535,Redman
artist1536,Talib Kweli
artist1537,Reflection Eternal
artist1530,Really Doe
artist1531,Inspectah Deck
artist1532,Red Cafe
artist1533,Red Hot Lover Tone
artist1538,Rehab
artist1539,Reks
artist509,Bobby Jimmy and The Critters
artist506,Crime Mob
artist505,Crime Boss
artist504,The Creators
artist502,Copywrite
artist501,Cowboy Troy
artist500,Mighty High Coup
artist648,DJ Clue?
artist649,DJ Cosm
artist1158,Alice Cooper
artist1159,Fall Out Boy
artist1152,Papa Roach
artist1153,Linkin Park
artist1150,Korn
artist643,love division
artist1156,Six Feet Under
artist1405,N.O.R.E.
artist1154,Limp Bizkit
artist1155,Transplants
artist1719,World Class Wreckin' Cru
artist1714,Wisemen
artist1715,Witchdoctor
artist1717,Wiz Khalifa
artist1710,Westside Connection
artist1711,Wicked Minds
artist1712,will.i.am
artist704,Don P
location147,"Northern California, CA, US"
artist706,Donald D
artist356,Cali Agents
artist357,C-Bo
artist354,Busy Bee
artist355,C-mob
artist352,Bushwick Bill
artist353,Bust Down
artist351,Busdriver
artist359,C-Loc
location321,"Orleans Parish, LA, US"
location323,"Utrecht, Utrecht, NL"
location322,new york
location325,"San Diego, CA"
location324,"Bakersfield, CA, US"
location327,"South Orange, NJ"
location326,"Cocoa Beach, FL, US"
location328,"Glen Gardner, NJ, US"
location185,"San Pablo, CA, US"
location184,"Atlanta, GA"
location187,The Bronx NY
location186,"Milpitas, CA, US"
location181,"Pals, Catalonia, ES"
location180,"Tampa, FL"
location183,"Istanbul, Istanbul, TR"
location188,Chicago Illinois
location435,"Worcestershire, England, GB"
location434,"Springfield, OH, US"
location437,"Dakar, Dakar, SN"
location430,"Providence, RI, US"
location433,"Hacienda Heights, CA, US"
location432,"New Brunswick, NJ"
location439,"North Hollywood, Los Angeles, CA, US"
location438,"Orangeburg, SC, US"
location509,"San Mateo, CA"
location501,"Castle Hill, New York, NY, US"
location500,"New York City, NY"
location503,"Wyandanch, NY, US "
location505,Norway
location504,"Anderson, MO"
location506,"Yonkers, NY"
artist1237,Jaheim
artist1236,Jennifer Lopez
artist1233,Jon B.
artist1232,Avant
artist1231,Dru Hill
artist1230,Natalie
artist1239,Ray J
artist1238,Fergie
artist1004,Lost Secret
artist428,Chi-Ali
artist429,Chico & Coolwadda
artist424,Chasm
artist420,Channel Live
artist421,Charizma & Peanut Butter Wolf
artist422,Charli Baltimore
artist1302,Robin Thicke
artist1007,Lady Sovereign
artist1000,Kurupt
artist1001,Kool Savas
artist1002,Kutt Calhoun
artist38,Chelonis R. Jones
artist39,E the R&b Hip-hop Rockstar
artist1529,Ray Cash
artist1528,Rasco
artist656,DJ Felli Fel
artist1523,Bobby Creekwater
artist1522,Stat Quo
artist1521,Wu-Tang Clan
artist33,9th Prince
artist1526,Ras Kass
artist36,A Plus
artist1524,Rappin 4-Tay
artist654,DJ Drama
artist1309,Chanté Moore
artist653,DJ Drama & Blood Raw
artist1308,Mr. Hudson
artist652,Drama
artist510,Crooked Stilo
artist511,Crooked I
artist513,CRU
artist514,Crunchy Black
artist515,Cryptic One
artist517,Cuban Link
artist519,The CUF
artist1432,Papoose
artist1149,Motörhead
artist1148,Lenny Kravitz
artist639,Ludacris
artist638,Disturbing Tha Peace
artist1419,Onyx
artist1418,Omar Cruz
artist1417,Ol' Dirty Bastard
artist1416,OJ da Juiceman
artist637,DISTRAKT
artist1414,OG Ron C
artist1413,Odd Squad
artist1144,Cassius
artist1411,Obie Trice
artist632,The Diplomats
artist1098,Messcalen
artist1093,Medina Green
artist1092,McGruff
artist1091,MC Ren
artist1090,MC Magic
artist1096,Memphis Bleek
artist1095,MellowHype
artist1094,Meek Mill
artist183,Black Market Militia
artist182,B-Legit
artist181,Bishop Lamont
artist180,Big Gemini
artist187,Brittany Smooch
artist186,Bad Ronald
artist184,Busta Rhymes
artist189,Birdman
artist741,Dre Dog
artist740,Andre Nickatina
artist743,Drift
artist1700,Waka Flocka Flame
artist1707,Webbie
artist1706,WC and the Maad Circle
artist747,Drop City Yacht Club
artist746,Dro
artist748,Dru Down
artist1709,The Weeknd
artist296,B.o.B
artist295,Blueprint
artist293,Blue Scholars
artist292,Blu
artist291,Bloodhound Gang
artist299,Bone Thugs-n-Harmony
artist298,Bone Crusher
artist771,Earthquake Institute
location90,Harlem New York
location91,"Brooklyn, NY"
location92,"Southampton, England, GB"
location93,"Dallas, TX, US"
location94,"Vallejo, CA, US"
location95,"Pittsburgh, PA, US"
location96,"New York, New York"
location97,"New Orleans, LA, US"
location98,"Los Angeles, CA"
location99,"Houston, TX"
artist369,C Note
artist368,C-Note
artist360,C-Murder
artist169,AWOL One and Daddy Kev
artist168,Awol One
artist162,Audio Two
artist164,Dan the Automator
artist167,Awkword
artist166,Away Team
location336,"Mandeville, Manchester, JM"
location337,USA
location334,"Jackson, TN, US"
location335,"Harlingen, Friesland, NL"
location332,"Geneva, NY, US"
location333,"Red Hook, New York, NY, US"
location330,"Kannapolis, NC, US"
location331,"Houston, TX, US "
location338,"Mount Vernon, NY, US"
location339,"Carson,California,United States"
location428,"Chicago, Illinois"
location429,"Baltimore, MD"
location422,"Barnwell, SC, US"
location423,"Milwaukee, WI"
location420,"Chattanooga, TN, US"
location421,"Fullerton, California"
location426,"Strasbourg, Alsace, FR"
location425,"Seabrook, TX, US"
artist549,Da Officialz
location78,"Brooklyn, New York, NY, US"
location79,"Flint, MI, US"
location72,"Grand Rapids, MI"
location73,"Jersey City, NJ, US"
location70,"Chicago, IL, US"
location71,"Quebec, Quebec, CA"
location76,"Willimantic, CT, US"
location77,"Brownsboro, AL, US"
location74,"Handsworth, Sheffield, England, GB"
location75,Mexico
artist543,The Deadly Snakes
artist989,Knoc-Turn'Al
artist988,Kool Moe Dee
location518,"Staten Island, NY"
location519,"San Antonio,Texas,United States"
artist983,Killer Mike
artist982,Killarmy
artist981,Kidz in the Hall
location515,"Flushing, New York, NY, US"
artist987,Kingpin Skinny Pimp
artist986,King T
location510,"Kendallville, IN, US"
artist984,Kindred the Family Soul
artist540,D-Shot
artist547,Spark Da' Flame
artist546,Bad Boy's Da Band
location198,"Enfield, Nova Scotia, CA"
location199,"Norfolk, VA"
artist545,Deadly Venoms
location192,"Andrews, SC, US"
location193,"Tappahannock, VA"
location191,"Blackpool, England, GB"
location196,"Dordrecht, South Holland, NL"
location197,"Glasgow, Scotland, GB"
location194,"Charleston, SC, US"
location195,"Atlanta, Georgia"
artist640,Field Mob
artist641,Shawnna
artist29,7 Notas 7 Colores
artist28,69 Boyz
artist1558,RZA
artist1559,Rza As Bobby Digital
artist23,50/50 Twin
artist22,504 Boyz
artist1554,Roy Jones Jr.
artist1555,Run-D.M.C.
artist27,5th Ward Boyz
artist25,G-Unit
artist24,50 Cent
artist1399,New Boyz
artist1390,Nate Dogg
artist1393,Naughty by Nature
artist1394,Nice & Smooth
artist1395,Nefertiti
artist1396,Nelly
artist565,Da Backwudz
artist564,Da Youngsta's
artist567,Daddy Yankee
artist566,Dabrye
artist561,Da Lench Mob
artist563,Da' T.R.U.T.H.
artist562,Da Muzicianz
artist569,Daft Punk
artist568,DAFORCE
artist644,Dizzee Rascal
artist1178,Kelis
artist1179,Montell Jordan
artist629,Digable Planets
artist626,Dice
artist1175,Brian McKnight
artist624,Diamonique
artist625,Diaz
artist1170,Truth Hurts
artist1171,Faith Evans
artist1172,Joe
artist1173,Keyshia Cole
artist646,DJ Babu
artist195,Baby Bash
artist196,Jay Tee
artist197,Baby Blak
artist190,Baby
artist191,Rockabye Baby!
artist192,Baby Boy Da Prince
artist193,Baby D
artist199,Backbone
artist752,DTTX
artist753,Dubee
artist750,Death Grips
artist751,DTMD
artist756,Dungeon Family
artist757,Dutchmassive
artist754,Dudley Perkins
artist755,Dujeous
artist758,The Dove Shack
artist759,Devo Spice
artist289,Block Mccloud
artist280,Blaze Ya Dead Homie
artist281,Blazin' Squad
artist282,Bloods & Crips
artist283,Bliss n Eso
artist284,Blitz the Ambassador
artist285,Black Moon
artist286,Black Sheep
artist287,Black Child
artist1608,Snoop Lion
artist1609,Snowgoons
artist1603,Swollen Members
artist1600,Slick Rick
artist1606,Smut Peddlers
artist1604,Smoke DZA
artist600,Del the Funky Homosapien
artist601,De La Soul
location87,"San Francisco, CA, US"
location86,"Minneapolis, MN, US"
location85,"Ontario, CA"
location84,"Sydney, New South Wales, AU"
location83,"Waterbury, CT, US"
location81,"Morrisville, PA, US"
location80,"Newark, NJ, US"
location89,"Durham International Airport, Cary, NC, US"
location88,"North Carolina, US"
artist378,Calvin Crabtree
artist379,Cale Sampson
artist374,Cablez
artist376,Cage
artist377,Greedy Fingers
artist371,C-Rayz Walz
artist372,Clinton Sparks
artist172,Eric Az
artist173,Az Yet
artist170,Azealia Banks
artist171,AZ
artist176,B-Real
artist177,Baby Beesh
artist174,Aztlan Underground
artist175,Azeem
location458,"Saint Michael, Barbados"
location457,"Stockholm, Stockholm, SE"
location456,"Cleveland, Ohio"
location455,"Carson, CA"
location454,"Vineland, NJ, US"
location453,"Aurora, IL, US"
location452,"High Point, NC"
location450,"Shreveport, LA, US"
location299,"San Francisco, CA"
location298,North Carolina
location517,"Pensacola, FL, US"
location293,"Scotts Valley, CA, US"
location292,"Perth, Western Australia, AU"
location295,"Enfield, NC, US"
location294,"Delaware, US"
location297,"New Orleans, United States"
location296,United Kingdom
artist980,Frost
location512,"Bluford, IL, US"
location513,"Mobile, AL, US"
location69,"South Los Angeles, Los Angeles, CA, US"
location68,"Ann Arbor, MI, US"
artist985,King Tee
location61,"Bellingham, WA, US"
location60,"Canberra, Australian Capital Territory, AU"
location63,"Salt Lake City, UT, US"
location62,"St. Louis, MO, US"
location65,"El Monte, CA, US"
location64,"Michigan, US"
location67,"Budapest, Budapest, HU"
location66,"Bellevue,Washington,United States"
artist994,Kris Kross
artist995,KRS-One
artist996,KRS-One & True Master
artist997,KRS-One & Buckshot
artist990,Kokane
artist991,Kool G. Rap
artist993,Kottonmouth Kings
artist1549,The Roots
artist18,The 49ers
artist16,40 Glocc
artist17,415
artist1547,Royal Flush
artist15,40 Cal.
artist12,2 Pistols
artist1540,Remedy
artist1543,Richie Rich
artist1542,Rich Boy
artist1389,Olu Dara
artist1388,NAS-T
artist1385,Nas
artist1384,Nappy Roots
artist1382,N2Deep
artist576,Danny
artist577,Da Notorious Prime Playaz
artist575,Danny!
artist572,Da Monstar Mob
artist573,Dan-e-o
artist570,Dainjamental
artist571,Dälek
artist578,Dappy
artist579,Darc Mind
artist1163,Michael Jackson
artist1161,Megan Rochell
artist610,DF Dub
artist1167,Justin Bieber
artist616,The Disposable Heroes of Hiphoprisy
artist615,Dat Nigga Daz
artist614,Tha Dogg Pound
artist619,Diamond
artist1168,Toni Braxton
artist772,E-A-Ski
artist774,Eazy-E
artist775,Ebony Eyez
artist590,Dat Boy Grace
artist776,E.C. Illa
artist542,Deadly Snakes
artist1327,Dionne Warwick
artist1452,P.O.S.
artist1451,PMD
artist541,D-Sisive
artist1457,Pras
artist1322,Rihanna
artist1456,Prince Malik
artist767,E Money Bags
artist763,E-40
artist762,Dynasty Electric
artist761,Dyablo
artist1454,Potluck
artist769,E-Train
artist1619,Spice 1
artist1618,Speedy
artist1610,Solomon Wise
artist702,Domo Genesis
artist1612,Soopafly
artist1615,Soulja Slim
artist1614,Soulja Boy Tell`em
artist1617,South Park Mexican
artist657,DJ Hurricane
artist381,Calm
artist380,Cali Swag District
artist383,Cam'ron
artist382,Califa Thugs
artist384,Cam'ron & Vado
artist387,Camoflauge
artist389,Candyman
artist388,Camp Lo
artist149,Asher Roth
artist148,Artifacts
artist147,Artfull Dodgers
artist146,Ron Artest
artist145,Arsonists
artist144,Arrested Development
artist143,Army of the Pharaohs
artist141,Archie Eversole
location448,"Englewood, NJ, US"
location449,"Ferndale, MI, US"
location444,"Toledo, OH, US"
location446,"Dover, England, GB"
location447,"Whiston, Merseyside, England, United Kingdom"
location442,"Southgate, London, England, GB"
location288,"Villa Palmeras, Puerto Rico"
location289,"Miami,Florida,United States"
location286,"Bogota, Distrito Especial, CO"
location287,"Jakarta, DKI Jakarta, ID"
location284,"Hillside, IL, US"
location285,Italy
location283,Germany
location280,"Davis, California, U.S. "
location281,"Brighton, England, GB"
location58,"Cleveland, OH"
location59,"Beverly Hills, CA"
location54,"LeFrak City, New York, NY, US"
location55,New Jersey
location56,"Boston, MA, US"
location57,"Nashville, TN, US"
location50,"California, US"
location52,"Washington, DC, US"
location53,"Sindh, PK"
artist961,DJ Spooky
artist960,Killah Priest
artist963,Kanye West
artist967,DJ Kay Slay
artist966,Kardinal Offishall
artist968,the Kaze
artist21,4th Pyramid
artist1552,Royce Da 5'9
artist1550,Diego Roots
artist1551,Roots Manuva
artist1624,Strange Fruit Project
artist1570,Sam Sneed
artist1571,San Quinn
artist1572,Strong Arm Steady
artist1573,Sauce Money
artist1575,South Central Cartel
artist1576,Schoolboy Q
artist1577,Scratch
artist1578,Screwball
artist1579,Seagram
artist819,Fabolous
artist818,Fredro Starr
artist1370,Ms. Jade
artist548,Da Camp
artist1376,Murs
artist1377,Murs & 9th Wonder
artist1374,Murphy Lee
artist1375,Keith Murray
artist811,Everlast & Kool Nick
artist810,Everlast
artist813,Evil Ed
artist812,Évidence
artist815,Extended Famm
artist814,Extra Kool
artist817,Eyedea & Abilities
artist1116,Too $hort
artist606,Delinquent Habits
artist607,Demigodz
artist1112,Queen
artist1113,Quincy Jones
artist603,Prince Paul
artist608,Desdamona
artist609,Devin the Dude
artist1119,Plastic Little
artist1286,Solange
artist1287,Melanie C
artist1284,Joss Stone
artist1282,Playa
artist728,Drama Squad
artist1281,Blu Cantrell
artist788,Emanon
artist1412,Oddisee
artist1371,Ms. Toi
artist778,Edan
artist779,Eightball
artist1028,Lil' KeKe
artist1029,Lil' Kim
artist1023,Lil' Bow Wow
artist1020,Lord Finesse
artist773,Tha Eastsidaz
artist1026,Lil' Flip
artist1027,Lil Jon
artist1024,Bow Wow
artist1598,Slimm Calhoun
artist1599,Slim Thug
artist1590,Skatterman & Snug Brim
artist1591,Ski Beatz
artist1597,Slim
artist1594,Slaine
artist1595,Slaughterhouse
artist1628,Sunz of Man
location412,"Camden, AR, US"
artist1625,Streetlife
artist1627,Screwed Up Click
artist1620,Spooks
artist1621,St. Lunatics
artist1623,Statik Selektah
artist392,Capital D
artist393,Cappadonna
artist390,Canibus
artist391,Cannibal Ox
artist396,Ca$h Out
artist395,Cartel De Santa
artist398,Cassidy
artist399,Cassie
artist150,Asheru
artist154,Astonish
artist155,Astronomy Class
artist156,Atherton
artist157,Atherton & Sire
artist159,Atmosphere
artist1379,Mystikal
artist661,DJ Jimi
location471,"San Diego,California,United States"
location470,"Alabama, US"
artist1409,N.W.A
location472,"Strong Island, Chatham, MA, US"
location475,"Hesperia, CA, US"
location474,"Natchez, MS, US"
location477,"Freeport, NY, US"
location476,"München, Bavaria, DE"
location479,"Greenville, NC, US"
location478,"Jamaica, NY"
location273,"Compton, CA"
location272,"Fresno, CA, US"
location271,"Ibaraki Prefecture, JP"
location270,"College Point, New York, NY, US"
location277,"St. Petersburg, Russia"
location276,"Río Grande, Zacatecas, MX"
artist627,Dice Raw
location279,Miami Florida
location278,"High Wycombe, England, GB"
artist1176,Janet Jackson
artist622,Aim
artist623,Diamond and the Psychotic Neurotics
location43,"Liverpool, England, GB"
location42,"New York, NY"
location41,"Deerfield Beach, Florida"
location40,"Atlanta, GA, US"
location47,"Palmdale, CA, US"
artist620,Diamond D
location45,"Manhattan, New York, NY, US"
location44,"New Hampshire, US"
location49,"Bronx, New York, NY, US"
location48,"Schaumburg, IL, US"
artist972,Kendrick Lamar
artist970,Keak da Sneak
artist976,Khujo Goodie
artist977,Kid Cudi
artist974,Ke$ha
artist975,Kev Brown
artist978,Kid Rock
artist979,Kid Capri
location387,"Mid West, US"
location386,"Phoenix, AZ, US"
location385,"Libertyville, IL"
location384,"Virginia Beach, VA, US"
location383,"Plainfield, NJ, US"
location382,"Saint Ann, JM"
location381,"Dollis Hill, London, England, GB"
location380,"Bedford-Stuyvesant, New York, NY, US"
location388,"Kissimmee, FL, US"
location129,"Brooklyn, Nova Scotia, CA"
location128,"Kuala Kangsar, Perak, MY"
location123,Sacramento California
location122,"Columbus, OH, US"
location121,Detroit Michigan
location120,"Pontiac, MI, US"
location127,"Romeo, MI, US"
location126,"Manchester, England, GB"
location125,"Decatur, IL, US"
location124,"Miami Beach, FL, US"
location498,New York Ciy
location493,"Memphis, TN"
location492,"Franklin, IN, US"
location491,"Wichita, KS, US"
location497,"Cathedral City, CA, US"
location496,"Trenton, NJ, US"
location495,"Saginaw, MI, US"
location494,"Santa Monica, CA, US"
artist1566,Sadat X
artist1565,Shade Sheist
artist1564,Sean Price
artist1563,Sérgio Mendes
artist1562,Sick Jacken
artist1561,Sticky Fingaz
artist1560,Solomon Childs
artist78,Aesop Rock
artist79,Afroman
artist1569,Saigon
artist1361,Mr. Criminal
artist1363,Mr. Lif
artist1362,Mista Grimm
artist1365,Mr. Capone-E
artist1364,Mr. Mike
artist1367,Mr. Lil One
artist1366,Mr. Cheeks
artist1369,Mr Shadow
artist555,Da Brat
artist556,Da Bush Babees
artist557,Da Entourage
artist806,Estelle
artist551,Da General
artist552,Da Enforcerz
artist805,7L & Esoteric
artist1105,King Geedorah
artist1104,Madvillain
artist1107,MF Grimm
artist1106,Armageddon
artist1101,Methods of Mayhem
artist1100,Method Man
artist1103,MF DOOM
artist1102,Doom
artist1108,Mia X
artist1295,Fishbone
artist1294,Profyle
artist1296,Jennifer Hudson
artist1291,Tweet
artist1290,Kristen Mari
artist1293,Sarah Connor
artist1292,The 411
artist1299,Jonell
artist1403,Non Phixion
artist1039,Little Brother Montgomery
artist1038,Little Brother
artist709,Dorasel
artist708,Doo Wop
artist705,Don Trip
artist1030,Lil' O
artist1745,Zion I
artist1744,Z-Ro
artist1035,Lil' Scrappy
artist1742,Yung Wun
artist1037,Lily Allen
artist1036,Lil Wayne
artist1581,Jeremy Passion
artist1580,Sen Dog
artist1583,Shabazz the Disciple
artist1582,Shabaam Sahdeeq
artist1585,Sheek Louch
artist1584,Shawty Lo
artist1587,Silkk the Shocker
artist1586,Shyne
location516,Atlanta Georgia
artist1633,Sway & King Tech
artist1632,Slum Village
artist1631,Super Cat
artist1630,Supastition
artist1637,T-K.A.S.H.
artist1634,Swishahouse
artist1639,Travis Barker
artist1638,T-Pain
location514,"Carol City, FL, US"
artist820,Fakts One
artist821,Fam-Lay
artist822,Fat Joe
artist693,The D.O.C.
artist121,Athletic Mic League
artist692,Do or Die
artist129,Anquette
artist691,DMX
artist826,East Flatbush Project
location473,"Bowling Green, KY, US"
artist1476,P. Diddy
artist239,Rapper Big Pooh
artist238,Big Noyd
artist231,Big Gipp
artist230,Big Ed
artist232,BIG K.R.I.T
artist235,Big L
artist237,Big Moe
artist236,Big Mike
location467,"Portsmouth, VA"
location464,"Kingston, Jamaica"
location511,"Warner Robins, GA, US"
location463,"Kingston, Saint Andrew, JM"
location460,"East Orange, NJ, US"
location461,"Saint Catherine, JM"
location468,"Hayward, CA, US"
location469,"Reno, NV, US"
location260,"Colorado Springs, CO, US"
location261,"Albany, GA, US"
location262,"Reykjavik, Reykjavik, IS"
location263,East London
location264,"St. Paul, MN, US"
location265,Canada
location266,"Bolton, England, GB"
location267,"Baltimore,Maryland,United States"
location268,atlanta ga
location269,"Corona, New York, NY, US"
location36,"Orange County, CA"
location37,"Bandung, West Java, ID"
location34,"Illinois, US"
location35,"Hollywood, Los Angeles, CA, US"
location32,Taiwan
location33,Missouri
location30,Cardiff Wales
location31,"Tunis, Tunis, TN"
location38,"Carson, CA, US"
location39,"Hamburg, Hamburg, DE"
location274,Hong Kong
artist947,Junior M.A.F.I.A.
artist944,Joell Ortiz
artist943,Jin
artist942,Jim Jones
artist941,Jim Crow
artist940,Christion
artist949,Juelz Santana
location394,"Trondheim, Sor-Trondelag, NO"
location395,"Notting Hill, London, England, GB"
location396,"Athens, GA, US"
location397,"Brussels, Capital Region of Brussels, BE"
location390,"Walsall, England"
location391,"Macon, GA, US"
location393,Darien Connecticut
location398,"Paris, France"
location399,"Braintree, England, GB"
artist499,The Coup
artist498,Count Bass D
artist495,Corey
artist494,Cool Nutz
artist497,Corporate Avenger
artist496,Cormega
artist491,Coolio
artist490,Cool Breeze
artist493,The Cool Kids
location138,Australia
location139,"Baltimore, MD, US"
location130,"Collegeville, PA, US"
location131,"Inglewood, CA, US"
location132,"Seattle, WA, US"
location133,"Decatur, GA"
location134,"College Park, MD, US"
location135,"Cleveland, OH, US"
location136,"Paris, Ile-de-France, FR"
location137,Finland
location488,"Minneapolis, MN, US "
location489,"Humboldt, CA, US"
location480,"Irvington, NJ, US"
location481,"Georgetown, TX, US"
location482,"Roosevelt, NY, US"
location483,"Virginia Beach, VA"
location484,"St. Albans, New York, NY, US"
location485,"Greensboro, NC, US"
location486,"Irving, TX, US"
artist67,Absolute Beginner
artist65,Ab-Soul
artist64,Wax
artist61,D'Aveli
artist60,The Rainy States
artist69,Another Bad Creation
artist68,Abstract Rude
artist1354,Molemen
artist1355,M.O.P.
artist1357,Mos Def
artist839,Will Smith
artist837,Freeway
artist836,Frayser Boy
artist835,Frankie J
artist834,Frank Ocean
artist1358,The Mossie
artist1359,Motion Man
artist831,The Foreign Exchange
artist830,Flo Rida
location46,"Northport, NY"
artist1138,Sincere
artist1139,Maroon 5
artist1131,Moby
artist1133,Warren G
artist1134,Storm
artist1135,Swizz Beatz
artist1137,Mark Ronson
artist1008,Lady Luck
artist1009,The Lady of Rage
artist719,Dr. Dooom
artist716,Deep Puddle Dynamics
artist714,Doap Nixon
artist715,Deepspace 5
artist712,Dougie D
artist713,Downsyde
artist710,Dorwin Demarcus Dorrough
artist1003,Lupe Fiasco
artist1646,Tear Da Club Up Thugs
artist1647,Tech N9ne
artist1645,A Tribe Called Quest
artist1642,Terror Squad
artist1643,Tash
artist1640,T-Love
artist1648,TECH N9NE Collabos
artist1649,Termanology
artist136,Tropicalisimo Apache
artist137,Apathy
artist134,Apache
artist135,Apache Indian
artist132,AP.9
artist133,Apollo Brown
artist130,Antoinette
artist139,Arabesque
artist1437,The Perceptionists
artist228,Big B
artist229,Big Boi
artist222,Benzino
artist223,Beyoncé
artist227,Bahamadia
artist224,B.G.
location255,"Tampa Bay, FL, US"
location257,"Jessheim, Akershus Fylke, NO"
location256,"Barrow-in-Furness, England, GB"
location251,"Denton, TX, US"
location250,"Amityville, NY, US"
location253,"Iowa, US"
location252,Connecticut
location259,"Faro, Faro, PT"
location258,"Harrisburg, PA, US"
location25,United States
location24,"Hempstead, NY, US"
location27,"Virginia, US"
location26,"Philadelphia, PA, US"
location21,"Barcelona, Catalonia, ES"
location20,"Jacksonville, FL, US"
location23,"Raleigh, NC, US"
location22,"Staten Island, New York, NY, US"
location29,"South Carolina, US"
location28,"Portland, OR, US"
artist958,K'naan
artist959,k-os
artist950,JT Money
artist951,Juicy J
artist952,Jungle Brothers
artist953,Jurassic 5
artist954,Juvenile
artist955,Kool Keith
artist10,2Mex
artist1013,Lawless
artist1433,Paul Wall
artist1011,Large Professor
artist1017,L.E.G.A.C.Y.
artist1016,"Lisa ""Left Eye"" Lopes"
artist488,Coo Coo Cal
artist489,Cool Cee Brown
artist486,Control Machete
artist484,Crucial Conflict
artist485,Consequence
artist482,Conejo
artist1400,Nicki Minaj
location109,"New Haven, CT, US"
location108,"Savannah, GA, US"
artist1401,Nino Brown
location105,"Louisiana, US"
location104,"New York,New York,United States"
location107,"Las Vegas, NV, US"
location106,"Florida, US"
location101,"Detroit, MI"
location100,"Cambridge, England, GB"
location103,"Halmstad, Halland, SE"
location102,Melbourne Australia
artist1151,The Prodigy
artist1404,Noreaga
artist1406,Antonious
artist1407,The Notorious B.I.G.
artist1349,Mobb Deep
artist1348,Main Source
artist1342,Black Uhuru
artist1340,Bounty Killer
artist1347,Mike Jones
artist1345,Missy Elliott
artist1344,Trish Stratus
artist4,213
artist5,2 Chainz
artist6,The 2 Live Crew
artist7,The New 2 Live Crew
artist824,Fiend
artist825,The Firm
artist2,1200 Techniques
artist827,Flesh-N-Bone
artist828,Flipmode Squad
artist829,Full Force
artist8,2Pac
artist9,Thug Life
artist684,DJ Khaled
artist1128,Main Flow
artist1127,All Star Tribute
artist1125,The Chemical Brothers
artist1124,Praxis
artist1122,Jason Aldean
artist1121,Goldie
artist1120,Taylor Made
artist58,Lit
artist59,Unknown
artist52,Alias
artist53,Tony Vinyl
artist50,R&B
artist51,R P Harrell
artist56,Maestro
artist57,Bass Mekanik
artist54,A+
artist55,DJ 360
artist723,Hands-On
artist722,RBX
artist721,Dr. Dre
artist1010,Lake
artist727,Dr. Octagon
artist726,RC
artist725,Maurice Wilcher
artist1014,LeCrae
artist1019,LEN
artist1018,Living Legends
